mean_squared_error,root_mean_squared_error,r2_score
4668.994512899468,68.33004107198727,0.9727242616070295
4668.994512899468,68.33004107198727,0.9727242616070295
4668.994512899468,68.33004107198727,0.9727242616070295
